{
  "run": 5,
  "seed": 47,
  "timestamp": "20251023T150858Z",
  "epochs": 30,
  "batch_size": 1024,
  "hidden_dim": 128,
  "out_dim": 64,
  "num_layers": 2,
  "lr": 0.0005,
  "weight_decay": 1e-06,
  "num_positive_pairs": 95961,
  "encoder_path": "runs_graphsage\\run5_20251023T150858Z\\graphsage_encoder_run5.pt",
  "user_emb_path": "runs_graphsage\\run5_20251023T150858Z\\user_embeddings_run5.npy",
  "item_emb_path": "runs_graphsage\\run5_20251023T150858Z\\item_embeddings_train_run5.npy",
  "epoch_losses": [
    0.5263453876000993,
    0.44297800591516684,
    0.4268069241523837,
    0.42034171269902504,
    0.4179379289174537,
    0.4173138902074077,
    0.41584756944752743,
    0.4149035951698064,
    0.41513137313220727,
    0.4146446818276126,
    0.4134772469126427,
    0.4133174574177259,
    0.4132802985789716,
    0.4139169487000888,
    0.41358609115689465,
    0.41420369281996977,
    0.41075465807768297,
    0.41313985131210534,
    0.4114754009007814,
    0.4123603161614815,
    0.41251777068181594,
    0.4123273978977605,
    0.41234145153551577,
    0.41242186755466487,
    0.4123814180234808,
    0.41144664724957314,
    0.41242215250581205,
    0.410393322847456,
    0.4133768096578468,
    0.41112161152162396
  ]
}