{
  "run": 3,
  "seed": 45,
  "timestamp": "20251021T144658Z",
  "epochs": 30,
  "batch_size": 512,
  "hidden_dim": 64,
  "out_dim": 32,
  "num_layers": 1,
  "lr": 0.0005,
  "weight_decay": 1e-06,
  "num_positive_pairs": 95961,
  "encoder_path": "runs_graphsage\\run3_20251021T144658Z\\graphsage_encoder_run3.pt",
  "user_emb_path": "runs_graphsage\\run3_20251021T144658Z\\user_embeddings_run3.npy",
  "item_emb_path": "runs_graphsage\\run3_20251021T144658Z\\item_embeddings_train_run3.npy",
  "epoch_losses": [
    0.5664409676791318,
    0.4789095441154374,
    0.45353203753929083,
    0.44575140243792233,
    0.4421601632818412,
    0.44046370959284653,
    0.4374484656906455,
    0.43876219377033615,
    0.4356014831179228,
    0.43590025100699215,
    0.43560197031124903,
    0.43750832279194013,
    0.4339188899520692,
    0.43397063154721127,
    0.43555699940119647,
    0.4356857678295207,
    0.43483884103552034,
    0.433736463889373,
    0.43378059094719973,
    0.43253536352616995,
    0.43297327107970546,
    0.43370320802625084,
    0.4340155148491009,
    0.43362022322368665,
    0.43467433198146216,
    0.43404605007674996,
    0.4329570339371178,
    0.4325986682205299,
    0.4337661340695284,
    0.4317081808659402
  ]
}