{
  "run": 2,
  "seed": 44,
  "timestamp": "20251023T142813Z",
  "epochs": 30,
  "batch_size": 1024,
  "hidden_dim": 128,
  "out_dim": 64,
  "num_layers": 2,
  "lr": 0.0005,
  "weight_decay": 1e-06,
  "num_positive_pairs": 95961,
  "encoder_path": "runs_graphsage\\run2_20251023T142813Z\\graphsage_encoder_run2.pt",
  "user_emb_path": "runs_graphsage\\run2_20251023T142813Z\\user_embeddings_run2.npy",
  "item_emb_path": "runs_graphsage\\run2_20251023T142813Z\\item_embeddings_train_run2.npy",
  "epoch_losses": [
    0.5258643306170881,
    0.4431300076092879,
    0.4251255302830278,
    0.4220093318757172,
    0.4183399577432418,
    0.4183228940153339,
    0.4154171528641411,
    0.41512521977827666,
    0.41597556172257905,
    0.4145180155414607,
    0.41434767697910174,
    0.41603872676177983,
    0.4125591976649491,
    0.41362463067384914,
    0.4130365432244795,
    0.4124516001696624,
    0.4123303325875189,
    0.41182632389163365,
    0.4127853513074544,
    0.41225003496738993,
    0.41252258614188103,
    0.4129270296393406,
    0.4126514176367406,
    0.4124578591288046,
    0.41352438655913387,
    0.4107410555400859,
    0.41244817284792806,
    0.412893033721083,
    0.41207696681901623,
    0.41120871375597945
  ]
}