{
  "n_runs": 5,
  "runs": [
    {
      "run": 1,
      "seed": 43,
      "timestamp": "20251021T142343Z",
      "epochs": 30,
      "batch_size": 512,
      "hidden_dim": 64,
      "out_dim": 32,
      "num_layers": 1,
      "lr": 0.0005,
      "weight_decay": 1e-06,
      "num_positive_pairs": 95961,
      "encoder_path": "runs_graphsage\\run1_20251021T142343Z\\graphsage_encoder_run1.pt",
      "user_emb_path": "runs_graphsage\\run1_20251021T142343Z\\user_embeddings_run1.npy",
      "item_emb_path": "runs_graphsage\\run1_20251021T142343Z\\item_embeddings_train_run1.npy",
      "epoch_losses": [
        0.5634349460899255,
        0.4774595461932148,
        0.4534092927655853,
        0.4449221302939217,
        0.4416740889723719,
        0.44111086022238805,
        0.43803207015623746,
        0.4375499950910355,
        0.43614852696828305,
        0.4360755127222593,
        0.4355352852746287,
        0.43668829254777547,
        0.4347510677046424,
        0.4340396835151397,
        0.43428384096635064,
        0.4353950091941706,
        0.43398502194148875,
        0.4344315155788566,
        0.43296058724471426,
        0.43325415873903683,
        0.4340659260760376,
        0.4324481002097045,
        0.4331561624947913,
        0.43295635284903305,
        0.4322584319447737,
        0.4342588701302183,
        0.43272151409902027,
        0.4339801936605957,
        0.4335920072528227,
        0.43192725816018335
      ]
    },
    {
      "run": 2,
      "seed": 44,
      "timestamp": "20251021T143534Z",
      "epochs": 30,
      "batch_size": 512,
      "hidden_dim": 64,
      "out_dim": 32,
      "num_layers": 1,
      "lr": 0.0005,
      "weight_decay": 1e-06,
      "num_positive_pairs": 95961,
      "encoder_path": "runs_graphsage\\run2_20251021T143534Z\\graphsage_encoder_run2.pt",
      "user_emb_path": "runs_graphsage\\run2_20251021T143534Z\\user_embeddings_run2.npy",
      "item_emb_path": "runs_graphsage\\run2_20251021T143534Z\\item_embeddings_train_run2.npy",
      "epoch_losses": [
        0.5626378368202635,
        0.4767868072404774,
        0.45117352867562255,
        0.44599281855685247,
        0.4418216445920536,
        0.44118944287680245,
        0.43862819277707643,
        0.43733353976356837,
        0.4380044863290267,
        0.4362294735477168,
        0.435882432483506,
        0.43661491359109145,
        0.4337682524310637,
        0.4344521292894304,
        0.43432884617200934,
        0.4340490967408285,
        0.4335911089880117,
        0.4332333538930926,
        0.4336432260866393,
        0.4338307071556486,
        0.43353469630361335,
        0.43384754885453103,
        0.4339209332688094,
        0.43338378302672925,
        0.4342690261300568,
        0.4324129896089355,
        0.43362255233849034,
        0.433768413201675,
        0.4327278663226826,
        0.43297860078721156
      ]
    },
    {
      "run": 3,
      "seed": 45,
      "timestamp": "20251021T144658Z",
      "epochs": 30,
      "batch_size": 512,
      "hidden_dim": 64,
      "out_dim": 32,
      "num_layers": 1,
      "lr": 0.0005,
      "weight_decay": 1e-06,
      "num_positive_pairs": 95961,
      "encoder_path": "runs_graphsage\\run3_20251021T144658Z\\graphsage_encoder_run3.pt",
      "user_emb_path": "runs_graphsage\\run3_20251021T144658Z\\user_embeddings_run3.npy",
      "item_emb_path": "runs_graphsage\\run3_20251021T144658Z\\item_embeddings_train_run3.npy",
      "epoch_losses": [
        0.5664409676791318,
        0.4789095441154374,
        0.45353203753929083,
        0.44575140243792233,
        0.4421601632818412,
        0.44046370959284653,
        0.4374484656906455,
        0.43876219377033615,
        0.4356014831179228,
        0.43590025100699215,
        0.43560197031124903,
        0.43750832279194013,
        0.4339188899520692,
        0.43397063154721127,
        0.43555699940119647,
        0.4356857678295207,
        0.43483884103552034,
        0.433736463889373,
        0.43378059094719973,
        0.43253536352616995,
        0.43297327107970546,
        0.43370320802625084,
        0.4340155148491009,
        0.43362022322368665,
        0.43467433198146216,
        0.43404605007674996,
        0.4329570339371178,
        0.4325986682205299,
        0.4337661340695284,
        0.4317081808659402
      ]
    },
    {
      "run": 4,
      "seed": 46,
      "timestamp": "20251021T145840Z",
      "epochs": 30,
      "batch_size": 512,
      "hidden_dim": 64,
      "out_dim": 32,
      "num_layers": 1,
      "lr": 0.0005,
      "weight_decay": 1e-06,
      "num_positive_pairs": 95961,
      "encoder_path": "runs_graphsage\\run4_20251021T145840Z\\graphsage_encoder_run4.pt",
      "user_emb_path": "runs_graphsage\\run4_20251021T145840Z\\user_embeddings_run4.npy",
      "item_emb_path": "runs_graphsage\\run4_20251021T145840Z\\item_embeddings_train_run4.npy",
      "epoch_losses": [
        0.5623651724207989,
        0.4746646121726763,
        0.4506544184785874,
        0.4443557922344528,
        0.4415610374499092,
        0.43878821207606417,
        0.43817433645796533,
        0.4394967590078276,
        0.4380436694119791,
        0.4374238321986282,
        0.43574962434837894,
        0.4341721729833421,
        0.4351134882983007,
        0.4356971669940704,
        0.4345572414388603,
        0.4343395234377931,
        0.43279350276141726,
        0.43426099611493174,
        0.43404342821090824,
        0.4341364756692856,
        0.4327980349206883,
        0.4366119276801346,
        0.43514442133435915,
        0.4341674340895399,
        0.4326895710145188,
        0.43440409496517735,
        0.4335260094320852,
        0.4338494776829111,
        0.4319001062782883,
        0.4331842339746569
      ]
    },
    {
      "run": 5,
      "seed": 47,
      "timestamp": "20251021T151011Z",
      "epochs": 30,
      "batch_size": 512,
      "hidden_dim": 64,
      "out_dim": 32,
      "num_layers": 1,
      "lr": 0.0005,
      "weight_decay": 1e-06,
      "num_positive_pairs": 95961,
      "encoder_path": "runs_graphsage\\run5_20251021T151011Z\\graphsage_encoder_run5.pt",
      "user_emb_path": "runs_graphsage\\run5_20251021T151011Z\\user_embeddings_run5.npy",
      "item_emb_path": "runs_graphsage\\run5_20251021T151011Z\\item_embeddings_train_run5.npy",
      "epoch_losses": [
        0.5668672149079574,
        0.47589843005808113,
        0.4529564042773673,
        0.44481048194123374,
        0.4412418434880308,
        0.4403598783379842,
        0.43807047861701265,
        0.4373873845999795,
        0.4377217494477188,
        0.4364999052491532,
        0.4352193326138425,
        0.4351872992925388,
        0.4347609987309695,
        0.4362111944592318,
        0.43521577266539135,
        0.43565823755338223,
        0.43288215054686396,
        0.43414898843930033,
        0.43260112647873056,
        0.43391089991002607,
        0.4335905165584275,
        0.4335648979052559,
        0.4341364684290365,
        0.4335804204685212,
        0.43456858532744846,
        0.43231207760585516,
        0.4336051632739203,
        0.4316565442461798,
        0.4347284860100191,
        0.43191393024644814
      ]
    }
  ]
}