{
  "n_runs": 5,
  "runs": [
    {
      "run": 1,
      "seed": 43,
      "timestamp": "20251027T083914Z",
      "epochs": 30,
      "batch_size": 512,
      "hidden_dim": 64,
      "out_dim": 32,
      "num_layers": 1,
      "lr": 0.0005,
      "weight_decay": 1e-06,
      "num_positive_pairs": 874933,
      "encoder_path": "runs_graphsage\\run1_20251027T083914Z\\graphsage_encoder_run1.pt",
      "user_emb_path": "runs_graphsage\\run1_20251027T083914Z\\user_embeddings_run1.npy",
      "item_emb_path": "runs_graphsage\\run1_20251027T083914Z\\item_embeddings_train_run1.npy",
      "epoch_losses": [
        0.4765387435082339,
        0.4518841997373336,
        0.45045762898864106,
        0.4494224511135659,
        0.4489488161524039,
        0.4486711351071171,
        0.4487647659488454,
        0.4487822863034001,
        0.44850042344939234,
        0.44834951985450827,
        0.4483278395722404,
        0.44828180456232947,
        0.44759809173066495,
        0.44737760290713957,
        0.4477197033764265,
        0.44747108836401644,
        0.4476554057232769,
        0.44757637704162095,
        0.4472989962723774,
        0.44688824730227616,
        0.447164300568335,
        0.4472558516098766,
        0.44718857644130566,
        0.4472048797007847,
        0.4472726547312692,
        0.44733615339879323,
        0.44786917061748627,
        0.4469232339002233,
        0.44713181679083563,
        0.4473074535017565
      ]
    },
    {
      "run": 2,
      "seed": 44,
      "timestamp": "20251027T233000Z",
      "epochs": 30,
      "batch_size": 512,
      "hidden_dim": 64,
      "out_dim": 32,
      "num_layers": 1,
      "lr": 0.0005,
      "weight_decay": 1e-06,
      "num_positive_pairs": 874933,
      "encoder_path": "runs_graphsage\\run2_20251027T233000Z\\graphsage_encoder_run2.pt",
      "user_emb_path": "runs_graphsage\\run2_20251027T233000Z\\user_embeddings_run2.npy",
      "item_emb_path": "runs_graphsage\\run2_20251027T233000Z\\item_embeddings_train_run2.npy",
      "epoch_losses": [
        0.47743192791225925,
        0.451353559608381,
        0.4499482774025985,
        0.4492820030990417,
        0.4484002852569304,
        0.44848854489624934,
        0.4479993166317122,
        0.4480592949245867,
        0.4480800078845839,
        0.44783291336170594,
        0.4477412764838569,
        0.447783880288943,
        0.44763877643323813,
        0.4478807488879779,
        0.4474326480896966,
        0.44746171358864517,
        0.44779855169141336,
        0.44703765094582787,
        0.44745516020883835,
        0.4473850884421339,
        0.4479182063183681,
        0.44690255745004914,
        0.4468358631338111,
        0.4481264625152598,
        0.4469074669038558,
        0.44683762061838617,
        0.4473949489618121,
        0.4469333242145608,
        0.44688706016379154,
        0.44687002245842916
      ]
    },
    {
      "run": 3,
      "seed": 45,
      "timestamp": "20251028T142312Z",
      "epochs": 30,
      "batch_size": 512,
      "hidden_dim": 64,
      "out_dim": 32,
      "num_layers": 1,
      "lr": 0.0005,
      "weight_decay": 1e-06,
      "num_positive_pairs": 874933,
      "encoder_path": "runs_graphsage\\run3_20251028T142312Z\\graphsage_encoder_run3.pt",
      "user_emb_path": "runs_graphsage\\run3_20251028T142312Z\\user_embeddings_run3.npy",
      "item_emb_path": "runs_graphsage\\run3_20251028T142312Z\\item_embeddings_train_run3.npy",
      "epoch_losses": [
        0.4764464208741552,
        0.45173010698238525,
        0.44959936625195446,
        0.4493029506681127,
        0.44856239175456647,
        0.44848349753353983,
        0.4485490102904088,
        0.4484874656633429,
        0.447931551286498,
        0.447328293516058,
        0.4481112461932966,
        0.44784973545585827,
        0.447557696717267,
        0.44774291328345694,
        0.4475687982961832,
        0.4478118867636652,
        0.4480323953671271,
        0.44692882694808034,
        0.44744351901067586,
        0.44723246541123296,
        0.44741858456589767,
        0.44775259783000537,
        0.4470196258330251,
        0.4478285644921132,
        0.4473630136952774,
        0.4469075045637279,
        0.44694048133520614,
        0.44742052579262404,
        0.4473128381087782,
        0.4474595865452649
      ]
    },
    {
      "run": 4,
      "seed": 46,
      "timestamp": "20251029T073740Z",
      "epochs": 30,
      "batch_size": 512,
      "hidden_dim": 64,
      "out_dim": 32,
      "num_layers": 1,
      "lr": 0.0005,
      "weight_decay": 1e-06,
      "num_positive_pairs": 874933,
      "encoder_path": "runs_graphsage\\run4_20251029T073740Z\\graphsage_encoder_run4.pt",
      "user_emb_path": "runs_graphsage\\run4_20251029T073740Z\\user_embeddings_run4.npy",
      "item_emb_path": "runs_graphsage\\run4_20251029T073740Z\\item_embeddings_train_run4.npy",
      "epoch_losses": [
        0.47647675664960826,
        0.4515478477170098,
        0.449842339183062,
        0.44930770231958406,
        0.4493131159421207,
        0.4486243713986384,
        0.4485213942161535,
        0.44794715802446045,
        0.44806440882517323,
        0.44831378905748714,
        0.44767397293224187,
        0.44782303229234904,
        0.4473039121441884,
        0.4474662793636831,
        0.44733520865192666,
        0.4472812597383836,
        0.44748003743534975,
        0.4470452081263569,
        0.4469205468960393,
        0.4473971202102918,
        0.4469303913768889,
        0.4465555093983848,
        0.4469232374025198,
        0.44705385995773134,
        0.4473009405231301,
        0.4466336070324604,
        0.44709329733467396,
        0.44722597740062203,
        0.4472544848774967,
        0.4471821549465334
      ]
    },
    {
      "run": 5,
      "seed": 47,
      "timestamp": "20251029T235944Z",
      "epochs": 30,
      "batch_size": 512,
      "hidden_dim": 64,
      "out_dim": 32,
      "num_layers": 1,
      "lr": 0.0005,
      "weight_decay": 1e-06,
      "num_positive_pairs": 874933,
      "encoder_path": "runs_graphsage\\run5_20251029T235944Z\\graphsage_encoder_run5.pt",
      "user_emb_path": "runs_graphsage\\run5_20251029T235944Z\\user_embeddings_run5.npy",
      "item_emb_path": "runs_graphsage\\run5_20251029T235944Z\\item_embeddings_train_run5.npy",
      "epoch_losses": [
        0.47565729993238565,
        0.45176733954023585,
        0.450321396937961,
        0.4492787021048458,
        0.448845987298239,
        0.44855347919431654,
        0.4481764595078678,
        0.4482453371405552,
        0.44819342294870523,
        0.4477844782304186,
        0.4481665854902122,
        0.4478315174118211,
        0.44764271425918395,
        0.44773619807857884,
        0.44766654279453805,
        0.4476401099250705,
        0.44750909876972644,
        0.44749176839646565,
        0.4474839495243213,
        0.4471095690410571,
        0.4474827370943986,
        0.44730018825109574,
        0.4471343943215149,
        0.44741717384781426,
        0.4472034038230232,
        0.4475872074461867,
        0.4470385902748645,
        0.44753555251703,
        0.4473223592152886,
        0.4471226408966175
      ]
    }
  ]
}