{
  "run": 2,
  "seed": 44,
  "timestamp": "20251021T143534Z",
  "epochs": 30,
  "batch_size": 512,
  "hidden_dim": 64,
  "out_dim": 32,
  "num_layers": 1,
  "lr": 0.0005,
  "weight_decay": 1e-06,
  "num_positive_pairs": 95961,
  "encoder_path": "runs_graphsage\\run2_20251021T143534Z\\graphsage_encoder_run2.pt",
  "user_emb_path": "runs_graphsage\\run2_20251021T143534Z\\user_embeddings_run2.npy",
  "item_emb_path": "runs_graphsage\\run2_20251021T143534Z\\item_embeddings_train_run2.npy",
  "epoch_losses": [
    0.5626378368202635,
    0.4767868072404774,
    0.45117352867562255,
    0.44599281855685247,
    0.4418216445920536,
    0.44118944287680245,
    0.43862819277707643,
    0.43733353976356837,
    0.4380044863290267,
    0.4362294735477168,
    0.435882432483506,
    0.43661491359109145,
    0.4337682524310637,
    0.4344521292894304,
    0.43432884617200934,
    0.4340490967408285,
    0.4335911089880117,
    0.4332333538930926,
    0.4336432260866393,
    0.4338307071556486,
    0.43353469630361335,
    0.43384754885453103,
    0.4339209332688094,
    0.43338378302672925,
    0.4342690261300568,
    0.4324129896089355,
    0.43362255233849034,
    0.433768413201675,
    0.4327278663226826,
    0.43297860078721156
  ]
}