{
  "run": 3,
  "seed": 45,
  "timestamp": "20251023T144217Z",
  "epochs": 30,
  "batch_size": 1024,
  "hidden_dim": 128,
  "out_dim": 64,
  "num_layers": 2,
  "lr": 0.0005,
  "weight_decay": 1e-06,
  "num_positive_pairs": 95961,
  "encoder_path": "runs_graphsage\\run3_20251023T144217Z\\graphsage_encoder_run3.pt",
  "user_emb_path": "runs_graphsage\\run3_20251023T144217Z\\user_embeddings_run3.npy",
  "item_emb_path": "runs_graphsage\\run3_20251023T144217Z\\item_embeddings_train_run3.npy",
  "epoch_losses": [
    0.5235151230116208,
    0.4434839846159613,
    0.4272108644821915,
    0.4224584194589512,
    0.41935278237871615,
    0.418044784632405,
    0.41491537577370924,
    0.4161017180054989,
    0.4136355623222888,
    0.4140765285253055,
    0.41324824413351996,
    0.41575815963960777,
    0.41217163331609685,
    0.41255081107850444,
    0.4145082089903977,
    0.41461733555839975,
    0.41355137652535706,
    0.4123458249232955,
    0.41286902760427274,
    0.41080548318953114,
    0.4116984688499395,
    0.41206977124003535,
    0.4124480223577065,
    0.41169191734442295,
    0.4134326220621476,
    0.4124834611955231,
    0.4117355828167276,
    0.4113369543234676,
    0.41205952431797316,
    0.4109925173973116
  ]
}