{
  "run": 3,
  "seed": 45,
  "timestamp": "20251028T142312Z",
  "epochs": 30,
  "batch_size": 512,
  "hidden_dim": 64,
  "out_dim": 32,
  "num_layers": 1,
  "lr": 0.0005,
  "weight_decay": 1e-06,
  "num_positive_pairs": 874933,
  "encoder_path": "runs_graphsage\\run3_20251028T142312Z\\graphsage_encoder_run3.pt",
  "user_emb_path": "runs_graphsage\\run3_20251028T142312Z\\user_embeddings_run3.npy",
  "item_emb_path": "runs_graphsage\\run3_20251028T142312Z\\item_embeddings_train_run3.npy",
  "epoch_losses": [
    0.4764464208741552,
    0.45173010698238525,
    0.44959936625195446,
    0.4493029506681127,
    0.44856239175456647,
    0.44848349753353983,
    0.4485490102904088,
    0.4484874656633429,
    0.447931551286498,
    0.447328293516058,
    0.4481112461932966,
    0.44784973545585827,
    0.447557696717267,
    0.44774291328345694,
    0.4475687982961832,
    0.4478118867636652,
    0.4480323953671271,
    0.44692882694808034,
    0.44744351901067586,
    0.44723246541123296,
    0.44741858456589767,
    0.44775259783000537,
    0.4470196258330251,
    0.4478285644921132,
    0.4473630136952774,
    0.4469075045637279,
    0.44694048133520614,
    0.44742052579262404,
    0.4473128381087782,
    0.4474595865452649
  ]
}