{
  "run": 2,
  "seed": 44,
  "timestamp": "20251027T233000Z",
  "epochs": 30,
  "batch_size": 512,
  "hidden_dim": 64,
  "out_dim": 32,
  "num_layers": 1,
  "lr": 0.0005,
  "weight_decay": 1e-06,
  "num_positive_pairs": 874933,
  "encoder_path": "runs_graphsage\\run2_20251027T233000Z\\graphsage_encoder_run2.pt",
  "user_emb_path": "runs_graphsage\\run2_20251027T233000Z\\user_embeddings_run2.npy",
  "item_emb_path": "runs_graphsage\\run2_20251027T233000Z\\item_embeddings_train_run2.npy",
  "epoch_losses": [
    0.47743192791225925,
    0.451353559608381,
    0.4499482774025985,
    0.4492820030990417,
    0.4484002852569304,
    0.44848854489624934,
    0.4479993166317122,
    0.4480592949245867,
    0.4480800078845839,
    0.44783291336170594,
    0.4477412764838569,
    0.447783880288943,
    0.44763877643323813,
    0.4478807488879779,
    0.4474326480896966,
    0.44746171358864517,
    0.44779855169141336,
    0.44703765094582787,
    0.44745516020883835,
    0.4473850884421339,
    0.4479182063183681,
    0.44690255745004914,
    0.4468358631338111,
    0.4481264625152598,
    0.4469074669038558,
    0.44683762061838617,
    0.4473949489618121,
    0.4469333242145608,
    0.44688706016379154,
    0.44687002245842916
  ]
}