{
  "run": 1,
  "seed": 43,
  "timestamp": "20251021T142343Z",
  "epochs": 30,
  "batch_size": 512,
  "hidden_dim": 64,
  "out_dim": 32,
  "num_layers": 1,
  "lr": 0.0005,
  "weight_decay": 1e-06,
  "num_positive_pairs": 95961,
  "encoder_path": "runs_graphsage\\run1_20251021T142343Z\\graphsage_encoder_run1.pt",
  "user_emb_path": "runs_graphsage\\run1_20251021T142343Z\\user_embeddings_run1.npy",
  "item_emb_path": "runs_graphsage\\run1_20251021T142343Z\\item_embeddings_train_run1.npy",
  "epoch_losses": [
    0.5634349460899255,
    0.4774595461932148,
    0.4534092927655853,
    0.4449221302939217,
    0.4416740889723719,
    0.44111086022238805,
    0.43803207015623746,
    0.4375499950910355,
    0.43614852696828305,
    0.4360755127222593,
    0.4355352852746287,
    0.43668829254777547,
    0.4347510677046424,
    0.4340396835151397,
    0.43428384096635064,
    0.4353950091941706,
    0.43398502194148875,
    0.4344315155788566,
    0.43296058724471426,
    0.43325415873903683,
    0.4340659260760376,
    0.4324481002097045,
    0.4331561624947913,
    0.43295635284903305,
    0.4322584319447737,
    0.4342588701302183,
    0.43272151409902027,
    0.4339801936605957,
    0.4335920072528227,
    0.43192725816018335
  ]
}