{
  "run": 4,
  "seed": 46,
  "timestamp": "20251023T145539Z",
  "epochs": 30,
  "batch_size": 1024,
  "hidden_dim": 128,
  "out_dim": 64,
  "num_layers": 2,
  "lr": 0.0005,
  "weight_decay": 1e-06,
  "num_positive_pairs": 95961,
  "encoder_path": "runs_graphsage\\run4_20251023T145539Z\\graphsage_encoder_run4.pt",
  "user_emb_path": "runs_graphsage\\run4_20251023T145539Z\\user_embeddings_run4.npy",
  "item_emb_path": "runs_graphsage\\run4_20251023T145539Z\\item_embeddings_train_run4.npy",
  "epoch_losses": [
    0.5186991146261609,
    0.43838144318718897,
    0.4241445847651857,
    0.41996016350705645,
    0.4181300551800194,
    0.41593666295162696,
    0.4148820123944567,
    0.4171185325511485,
    0.4161096175135271,
    0.41500076924468426,
    0.41365868786418586,
    0.41242576921659857,
    0.41336795798423676,
    0.41407828950711517,
    0.41326479444444303,
    0.41292671580856566,
    0.41119924600403795,
    0.41270296088918323,
    0.4126906813537628,
    0.41258270491732424,
    0.41190089084856085,
    0.4150733887059792,
    0.4139004591646482,
    0.41225554436773504,
    0.41136586239232803,
    0.4133057564630848,
    0.4121969954148173,
    0.4131186541675213,
    0.41021601493525,
    0.4116668313730193
  ]
}