{
  "run": 1,
  "seed": 43,
  "timestamp": "20251027T083914Z",
  "epochs": 30,
  "batch_size": 512,
  "hidden_dim": 64,
  "out_dim": 32,
  "num_layers": 1,
  "lr": 0.0005,
  "weight_decay": 1e-06,
  "num_positive_pairs": 874933,
  "encoder_path": "runs_graphsage\\run1_20251027T083914Z\\graphsage_encoder_run1.pt",
  "user_emb_path": "runs_graphsage\\run1_20251027T083914Z\\user_embeddings_run1.npy",
  "item_emb_path": "runs_graphsage\\run1_20251027T083914Z\\item_embeddings_train_run1.npy",
  "epoch_losses": [
    0.4765387435082339,
    0.4518841997373336,
    0.45045762898864106,
    0.4494224511135659,
    0.4489488161524039,
    0.4486711351071171,
    0.4487647659488454,
    0.4487822863034001,
    0.44850042344939234,
    0.44834951985450827,
    0.4483278395722404,
    0.44828180456232947,
    0.44759809173066495,
    0.44737760290713957,
    0.4477197033764265,
    0.44747108836401644,
    0.4476554057232769,
    0.44757637704162095,
    0.4472989962723774,
    0.44688824730227616,
    0.447164300568335,
    0.4472558516098766,
    0.44718857644130566,
    0.4472048797007847,
    0.4472726547312692,
    0.44733615339879323,
    0.44786917061748627,
    0.4469232339002233,
    0.44713181679083563,
    0.4473074535017565
  ]
}