{
  "run": 1,
  "seed": 43,
  "timestamp": "20251023T141444Z",
  "epochs": 30,
  "batch_size": 1024,
  "hidden_dim": 128,
  "out_dim": 64,
  "num_layers": 2,
  "lr": 0.0005,
  "weight_decay": 1e-06,
  "num_positive_pairs": 95961,
  "encoder_path": "runs_graphsage\\run1_20251023T141444Z\\graphsage_encoder_run1.pt",
  "user_emb_path": "runs_graphsage\\run1_20251023T141444Z\\user_embeddings_run1.npy",
  "item_emb_path": "runs_graphsage\\run1_20251023T141444Z\\item_embeddings_train_run1.npy",
  "epoch_losses": [
    0.5303095523503045,
    0.44530414124750395,
    0.42786834626392056,
    0.4209343050501296,
    0.41853128274132745,
    0.41879796686213827,
    0.41572409071325367,
    0.4154523693353459,
    0.4144471612667424,
    0.41458787145437326,
    0.4134851227868308,
    0.4157100929402951,
    0.4137547066210309,
    0.4123859895601662,
    0.413172750472538,
    0.41366101900947677,
    0.4121522588390769,
    0.41304019884186083,
    0.411629288815971,
    0.41158886751377677,
    0.41246493232046355,
    0.4116173954091552,
    0.4123523242743597,
    0.411354682501453,
    0.4118510726425279,
    0.412865404146107,
    0.41151305262555554,
    0.412294061036584,
    0.41222497114003637,
    0.41073627469830604
  ]
}