{
  "run": 4,
  "seed": 46,
  "timestamp": "20251021T145840Z",
  "epochs": 30,
  "batch_size": 512,
  "hidden_dim": 64,
  "out_dim": 32,
  "num_layers": 1,
  "lr": 0.0005,
  "weight_decay": 1e-06,
  "num_positive_pairs": 95961,
  "encoder_path": "runs_graphsage\\run4_20251021T145840Z\\graphsage_encoder_run4.pt",
  "user_emb_path": "runs_graphsage\\run4_20251021T145840Z\\user_embeddings_run4.npy",
  "item_emb_path": "runs_graphsage\\run4_20251021T145840Z\\item_embeddings_train_run4.npy",
  "epoch_losses": [
    0.5623651724207989,
    0.4746646121726763,
    0.4506544184785874,
    0.4443557922344528,
    0.4415610374499092,
    0.43878821207606417,
    0.43817433645796533,
    0.4394967590078276,
    0.4380436694119791,
    0.4374238321986282,
    0.43574962434837894,
    0.4341721729833421,
    0.4351134882983007,
    0.4356971669940704,
    0.4345572414388603,
    0.4343395234377931,
    0.43279350276141726,
    0.43426099611493174,
    0.43404342821090824,
    0.4341364756692856,
    0.4327980349206883,
    0.4366119276801346,
    0.43514442133435915,
    0.4341674340895399,
    0.4326895710145188,
    0.43440409496517735,
    0.4335260094320852,
    0.4338494776829111,
    0.4319001062782883,
    0.4331842339746569
  ]
}