{
  "n_runs": 5,
  "runs": [
    {
      "run": 1,
      "seed": 43,
      "timestamp": "20251023T141444Z",
      "epochs": 30,
      "batch_size": 1024,
      "hidden_dim": 128,
      "out_dim": 64,
      "num_layers": 2,
      "lr": 0.0005,
      "weight_decay": 1e-06,
      "num_positive_pairs": 95961,
      "encoder_path": "runs_graphsage\\run1_20251023T141444Z\\graphsage_encoder_run1.pt",
      "user_emb_path": "runs_graphsage\\run1_20251023T141444Z\\user_embeddings_run1.npy",
      "item_emb_path": "runs_graphsage\\run1_20251023T141444Z\\item_embeddings_train_run1.npy",
      "epoch_losses": [
        0.5303095523503045,
        0.44530414124750395,
        0.42786834626392056,
        0.4209343050501296,
        0.41853128274132745,
        0.41879796686213827,
        0.41572409071325367,
        0.4154523693353459,
        0.4144471612667424,
        0.41458787145437326,
        0.4134851227868308,
        0.4157100929402951,
        0.4137547066210309,
        0.4123859895601662,
        0.413172750472538,
        0.41366101900947677,
        0.4121522588390769,
        0.41304019884186083,
        0.411629288815971,
        0.41158886751377677,
        0.41246493232046355,
        0.4116173954091552,
        0.4123523242743597,
        0.411354682501453,
        0.4118510726425279,
        0.412865404146107,
        0.41151305262555554,
        0.412294061036584,
        0.41222497114003637,
        0.41073627469830604
      ]
    },
    {
      "run": 2,
      "seed": 44,
      "timestamp": "20251023T142813Z",
      "epochs": 30,
      "batch_size": 1024,
      "hidden_dim": 128,
      "out_dim": 64,
      "num_layers": 2,
      "lr": 0.0005,
      "weight_decay": 1e-06,
      "num_positive_pairs": 95961,
      "encoder_path": "runs_graphsage\\run2_20251023T142813Z\\graphsage_encoder_run2.pt",
      "user_emb_path": "runs_graphsage\\run2_20251023T142813Z\\user_embeddings_run2.npy",
      "item_emb_path": "runs_graphsage\\run2_20251023T142813Z\\item_embeddings_train_run2.npy",
      "epoch_losses": [
        0.5258643306170881,
        0.4431300076092879,
        0.4251255302830278,
        0.4220093318757172,
        0.4183399577432418,
        0.4183228940153339,
        0.4154171528641411,
        0.41512521977827666,
        0.41597556172257905,
        0.4145180155414607,
        0.41434767697910174,
        0.41603872676177983,
        0.4125591976649491,
        0.41362463067384914,
        0.4130365432244795,
        0.4124516001696624,
        0.4123303325875189,
        0.41182632389163365,
        0.4127853513074544,
        0.41225003496738993,
        0.41252258614188103,
        0.4129270296393406,
        0.4126514176367406,
        0.4124578591288046,
        0.41352438655913387,
        0.4107410555400859,
        0.41244817284792806,
        0.412893033721083,
        0.41207696681901623,
        0.41120871375597945
      ]
    },
    {
      "run": 3,
      "seed": 45,
      "timestamp": "20251023T144217Z",
      "epochs": 30,
      "batch_size": 1024,
      "hidden_dim": 128,
      "out_dim": 64,
      "num_layers": 2,
      "lr": 0.0005,
      "weight_decay": 1e-06,
      "num_positive_pairs": 95961,
      "encoder_path": "runs_graphsage\\run3_20251023T144217Z\\graphsage_encoder_run3.pt",
      "user_emb_path": "runs_graphsage\\run3_20251023T144217Z\\user_embeddings_run3.npy",
      "item_emb_path": "runs_graphsage\\run3_20251023T144217Z\\item_embeddings_train_run3.npy",
      "epoch_losses": [
        0.5235151230116208,
        0.4434839846159613,
        0.4272108644821915,
        0.4224584194589512,
        0.41935278237871615,
        0.418044784632405,
        0.41491537577370924,
        0.4161017180054989,
        0.4136355623222888,
        0.4140765285253055,
        0.41324824413351996,
        0.41575815963960777,
        0.41217163331609685,
        0.41255081107850444,
        0.4145082089903977,
        0.41461733555839975,
        0.41355137652535706,
        0.4123458249232955,
        0.41286902760427274,
        0.41080548318953114,
        0.4116984688499395,
        0.41206977124003535,
        0.4124480223577065,
        0.41169191734442295,
        0.4134326220621476,
        0.4124834611955231,
        0.4117355828167276,
        0.4113369543234676,
        0.41205952431797316,
        0.4109925173973116
      ]
    },
    {
      "run": 4,
      "seed": 46,
      "timestamp": "20251023T145539Z",
      "epochs": 30,
      "batch_size": 1024,
      "hidden_dim": 128,
      "out_dim": 64,
      "num_layers": 2,
      "lr": 0.0005,
      "weight_decay": 1e-06,
      "num_positive_pairs": 95961,
      "encoder_path": "runs_graphsage\\run4_20251023T145539Z\\graphsage_encoder_run4.pt",
      "user_emb_path": "runs_graphsage\\run4_20251023T145539Z\\user_embeddings_run4.npy",
      "item_emb_path": "runs_graphsage\\run4_20251023T145539Z\\item_embeddings_train_run4.npy",
      "epoch_losses": [
        0.5186991146261609,
        0.43838144318718897,
        0.4241445847651857,
        0.41996016350705645,
        0.4181300551800194,
        0.41593666295162696,
        0.4148820123944567,
        0.4171185325511485,
        0.4161096175135271,
        0.41500076924468426,
        0.41365868786418586,
        0.41242576921659857,
        0.41336795798423676,
        0.41407828950711517,
        0.41326479444444303,
        0.41292671580856566,
        0.41119924600403795,
        0.41270296088918323,
        0.4126906813537628,
        0.41258270491732424,
        0.41190089084856085,
        0.4150733887059792,
        0.4139004591646482,
        0.41225554436773504,
        0.41136586239232803,
        0.4133057564630848,
        0.4121969954148173,
        0.4131186541675213,
        0.41021601493525,
        0.4116668313730193
      ]
    },
    {
      "run": 5,
      "seed": 47,
      "timestamp": "20251023T150858Z",
      "epochs": 30,
      "batch_size": 1024,
      "hidden_dim": 128,
      "out_dim": 64,
      "num_layers": 2,
      "lr": 0.0005,
      "weight_decay": 1e-06,
      "num_positive_pairs": 95961,
      "encoder_path": "runs_graphsage\\run5_20251023T150858Z\\graphsage_encoder_run5.pt",
      "user_emb_path": "runs_graphsage\\run5_20251023T150858Z\\user_embeddings_run5.npy",
      "item_emb_path": "runs_graphsage\\run5_20251023T150858Z\\item_embeddings_train_run5.npy",
      "epoch_losses": [
        0.5263453876000993,
        0.44297800591516684,
        0.4268069241523837,
        0.42034171269902504,
        0.4179379289174537,
        0.4173138902074077,
        0.41584756944752743,
        0.4149035951698064,
        0.41513137313220727,
        0.4146446818276126,
        0.4134772469126427,
        0.4133174574177259,
        0.4132802985789716,
        0.4139169487000888,
        0.41358609115689465,
        0.41420369281996977,
        0.41075465807768297,
        0.41313985131210534,
        0.4114754009007814,
        0.4123603161614815,
        0.41251777068181594,
        0.4123273978977605,
        0.41234145153551577,
        0.41242186755466487,
        0.4123814180234808,
        0.41144664724957314,
        0.41242215250581205,
        0.410393322847456,
        0.4133768096578468,
        0.41112161152162396
      ]
    }
  ]
}