{
  "run": 5,
  "seed": 47,
  "timestamp": "20251021T151011Z",
  "epochs": 30,
  "batch_size": 512,
  "hidden_dim": 64,
  "out_dim": 32,
  "num_layers": 1,
  "lr": 0.0005,
  "weight_decay": 1e-06,
  "num_positive_pairs": 95961,
  "encoder_path": "runs_graphsage\\run5_20251021T151011Z\\graphsage_encoder_run5.pt",
  "user_emb_path": "runs_graphsage\\run5_20251021T151011Z\\user_embeddings_run5.npy",
  "item_emb_path": "runs_graphsage\\run5_20251021T151011Z\\item_embeddings_train_run5.npy",
  "epoch_losses": [
    0.5668672149079574,
    0.47589843005808113,
    0.4529564042773673,
    0.44481048194123374,
    0.4412418434880308,
    0.4403598783379842,
    0.43807047861701265,
    0.4373873845999795,
    0.4377217494477188,
    0.4364999052491532,
    0.4352193326138425,
    0.4351872992925388,
    0.4347609987309695,
    0.4362111944592318,
    0.43521577266539135,
    0.43565823755338223,
    0.43288215054686396,
    0.43414898843930033,
    0.43260112647873056,
    0.43391089991002607,
    0.4335905165584275,
    0.4335648979052559,
    0.4341364684290365,
    0.4335804204685212,
    0.43456858532744846,
    0.43231207760585516,
    0.4336051632739203,
    0.4316565442461798,
    0.4347284860100191,
    0.43191393024644814
  ]
}