{
  "run": 4,
  "seed": 46,
  "timestamp": "20251029T073740Z",
  "epochs": 30,
  "batch_size": 512,
  "hidden_dim": 64,
  "out_dim": 32,
  "num_layers": 1,
  "lr": 0.0005,
  "weight_decay": 1e-06,
  "num_positive_pairs": 874933,
  "encoder_path": "runs_graphsage\\run4_20251029T073740Z\\graphsage_encoder_run4.pt",
  "user_emb_path": "runs_graphsage\\run4_20251029T073740Z\\user_embeddings_run4.npy",
  "item_emb_path": "runs_graphsage\\run4_20251029T073740Z\\item_embeddings_train_run4.npy",
  "epoch_losses": [
    0.47647675664960826,
    0.4515478477170098,
    0.449842339183062,
    0.44930770231958406,
    0.4493131159421207,
    0.4486243713986384,
    0.4485213942161535,
    0.44794715802446045,
    0.44806440882517323,
    0.44831378905748714,
    0.44767397293224187,
    0.44782303229234904,
    0.4473039121441884,
    0.4474662793636831,
    0.44733520865192666,
    0.4472812597383836,
    0.44748003743534975,
    0.4470452081263569,
    0.4469205468960393,
    0.4473971202102918,
    0.4469303913768889,
    0.4465555093983848,
    0.4469232374025198,
    0.44705385995773134,
    0.4473009405231301,
    0.4466336070324604,
    0.44709329733467396,
    0.44722597740062203,
    0.4472544848774967,
    0.4471821549465334
  ]
}