{
    "best_params": {
        "no_components": 90,
        "learning_rate": 0.03352736068651356,
        "loss": "logistic"
    },
    "best_precision_at_5": 0.023653417825698853
}