{
    "best_params": {
        "no_components": 77,
        "learning_rate": 0.00010027576106954592,
        "loss": "logistic"
    },
    "best_precision_at_5": 0.03446480259299278
}