{
    "precision@10": [
        0.1,
        0.0,
        0.1,
        0.2,
        0.3,
        0.1,
        0.1,
        0.1,
        0.2,
        0.3,
        0.3,
        0.0,
        0.0,
        0.2,
        0.1,
        0.4,
        0.3,
        0.1,
        0.0,
        0.4,
        0.1,
        0.3,
        0.1,
        0.4,
        0.4,
        0.0,
        0.1,
        0.2,
        0.1,
        0.0
    ],
    "precision@20": [
        0.2,
        0.0,
        0.15,
        0.2,
        0.2,
        0.1,
        0.1,
        0.15,
        0.25,
        0.25,
        0.25,
        0.05,
        0.0,
        0.3,
        0.15,
        0.45,
        0.3,
        0.05,
        0.05,
        0.3,
        0.05,
        0.2,
        0.05,
        0.4,
        0.4,
        0.1,
        0.15,
        0.15,
        0.1,
        0.1
    ],
    "precision@50": [
        0.24,
        0.08,
        0.24,
        0.2,
        0.2,
        0.18,
        0.1,
        0.24,
        0.36,
        0.3,
        0.24,
        0.12,
        0.1,
        0.3,
        0.12,
        0.48,
        0.2,
        0.12,
        0.16,
        0.3,
        0.12,
        0.22,
        0.12,
        0.5,
        0.46,
        0.16,
        0.26,
        0.16,
        0.1,
        0.14
    ],
    "ndcg@10": [
        0.13886244387355454,
        0.0,
        0.07336392209936005,
        0.21222636597291458,
        0.2973694836145356,
        0.22009176629808017,
        0.22009176629808017,
        0.07336392209936005,
        0.21726071285222986,
        0.2685529228900211,
        0.2735872697693364,
        0.0,
        0.0,
        0.21222636597291458,
        0.11004588314904008,
        0.40741536676357565,
        0.3340514446642156,
        0.07336392209936005,
        0.0,
        0.3757677525932109,
        0.06362078819895171,
        0.2758471541718663,
        0.07336392209936005,
        0.5173633627401372,
        0.5231737964779628,
        0.0,
        0.11004588314904008,
        0.2863459897524692,
        0.22009176629808017,
        0.0
    ],
    "ndcg@20": [
        0.1930620390390707,
        0.0,
        0.11845314056529317,
        0.20405243092841763,
        0.2266627278520837,
        0.17437833078197715,
        0.17490501020123428,
        0.11443514372507416,
        0.24453612504122593,
        0.24040375161388872,
        0.24365275471062,
        0.03233829114831982,
        0.0,
        0.27447169117293896,
        0.13622328153272548,
        0.4424588661479067,
        0.3155393295069234,
        0.04734667987788577,
        0.03475017269886857,
        0.3136146988152395,
        0.04105877938688906,
        0.2135327563765326,
        0.04734667987788577,
        0.4754217619704539,
        0.47659404756084595,
        0.06708846384718839,
        0.14307694288214187,
        0.2171366432970087,
        0.17437833078197715,
        0.0711064606874074
    ],
    "ndcg@50": [
        0.22380634081601208,
        0.06085817747223398,
        0.19990748195975938,
        0.19978029025934602,
        0.2162978797670039,
        0.2012681146857373,
        0.14061992286578895,
        0.19659745620360541,
        0.32710057503232853,
        0.28476704873434655,
        0.2384148119729822,
        0.09491255248025589,
        0.07458477389836145,
        0.28690679513437073,
        0.11778552906223853,
        0.4675451302888097,
        0.23240520231253645,
        0.10288385785120392,
        0.12712263321526143,
        0.30721606757842457,
        0.10030526197387649,
        0.22298858037462752,
        0.10088215951255598,
        0.5175125013413779,
        0.48392483167413786,
        0.12167060672276356,
        0.22494154895084142,
        0.19425316788974017,
        0.139809206155876,
        0.11648672797813488
    ]
}