{
    "best_params": {
        "no_components": 47,
        "learning_rate": 0.00010221614281338545,
        "loss": "logistic"
    },
    "best_precision_at_5": 0.03594325855374336
}