{
  "run": 5,
  "seed": 47,
  "timestamp": "20251029T235944Z",
  "epochs": 30,
  "batch_size": 512,
  "hidden_dim": 64,
  "out_dim": 32,
  "num_layers": 1,
  "lr": 0.0005,
  "weight_decay": 1e-06,
  "num_positive_pairs": 874933,
  "encoder_path": "runs_graphsage\\run5_20251029T235944Z\\graphsage_encoder_run5.pt",
  "user_emb_path": "runs_graphsage\\run5_20251029T235944Z\\user_embeddings_run5.npy",
  "item_emb_path": "runs_graphsage\\run5_20251029T235944Z\\item_embeddings_train_run5.npy",
  "epoch_losses": [
    0.47565729993238565,
    0.45176733954023585,
    0.450321396937961,
    0.4492787021048458,
    0.448845987298239,
    0.44855347919431654,
    0.4481764595078678,
    0.4482453371405552,
    0.44819342294870523,
    0.4477844782304186,
    0.4481665854902122,
    0.4478315174118211,
    0.44764271425918395,
    0.44773619807857884,
    0.44766654279453805,
    0.4476401099250705,
    0.44750909876972644,
    0.44749176839646565,
    0.4474839495243213,
    0.4471095690410571,
    0.4474827370943986,
    0.44730018825109574,
    0.4471343943215149,
    0.44741717384781426,
    0.4472034038230232,
    0.4475872074461867,
    0.4470385902748645,
    0.44753555251703,
    0.4473223592152886,
    0.4471226408966175
  ]
}